<?xml version="1.0" encoding="UTF-8"?>
<metadata xml:lang="en"><Esri><CreaDate>20200320</CreaDate><CreaTime>11421700</CreaTime><ArcGISFormat>1.0</ArcGISFormat><ArcGISstyle>ISO 19139 Metadata Implementation Specification</ArcGISstyle><SyncOnce>TRUE</SyncOnce><DataProperties><lineage><Process ToolSource="c:\program files (x86)\arcgis\desktop10.6\ArcToolbox\Toolboxes\Data Management Tools.tbx\CalculateField" Date="20200320" Time="114217">CalculateField yle_60_rahvastik 60_yle "[60_64]+ [65_69]+ [70_74]+ [75_79]+ [80_84]+ [85_van]" VB #</Process><Process ToolSource="c:\program files (x86)\arcgis\desktop10.6\ArcToolbox\Toolboxes\Data Management Tools.tbx\CalculateField" Date="20200320" Time="114311">CalculateField yle_60_rahvastik 60yle_osak "[60_yle]/ [kokku]*100" VB #</Process></lineage></DataProperties></Esri></metadata>
