<?xml version="1.0" encoding="UTF-8"?>
<metadata xml:lang="en"><Esri><CreaDate>20200320</CreaDate><CreaTime>16282400</CreaTime><ArcGISFormat>1.0</ArcGISFormat><ArcGISstyle>ISO 19139 Metadata Implementation Specification</ArcGISstyle><SyncOnce>TRUE</SyncOnce><DataProperties><lineage><Process ToolSource="c:\program files (x86)\arcgis\desktop10.6\ArcToolbox\Toolboxes\Data Management Tools.tbx\CalculateField" Date="20200320" Time="162824">CalculateField rahvastik_maakond_covid 60yle "[60_64]+ [65yle]" VB #</Process><Process ToolSource="c:\program files (x86)\arcgis\desktop10.6\ArcToolbox\Toolboxes\Data Management Tools.tbx\CalculateField" Date="20200320" Time="162856">CalculateField rahvastik_maakond_covid 60yle_prop "[60yle]/ [pop_total]*100" VB #</Process></lineage></DataProperties></Esri></metadata>
